"name","type","tier","tier_name","Private_or_public","state","Female","Parents mean","Parentsq1","Parentsq5","Parentstop1pc","Kidsmean","Kidsq5","Kidstop1pc"
"Academy Of Art University","3","10","Four-year for-profit","NA","CA","0.416753161029681","166594.9696116342","0.0935242230548864","0.3966840105850363","0.0356811993751016","39988.01720641392","0.2613375760785127","0.0140308070796785"
"Allan Hancock College","1","9","Two-year (public and private not-for-profit)","Private","CA","0.5369738313506367","76983.84073522082","0.1408915667548611","0.1782053720703662","0.004670010024426","33651.39346965846","0.1869837244131843","0.0022870153015563"
"""American Career College of Los Angeles, CA""","3","11","Two-year for-profit","NA","CA","0.8001053124424927","55879.31704135618","0.4146142957270804","0.0505254202564495","0.0031046159642857","27716.0283251465","0.0895657386631576","0.0012691267130758"
"Antelope Valley College","1","9","Two-year (public and private not-for-profit)","Private","CA","0.5403170919539339","71043.66439064141","0.1640186172483412","0.1785631630563745","0.0015970431386383","32210.87520372112","0.1943054798414137","0.0021966742643273"
"Argosy University","3","10","Four-year for-profit","NA","CA","0.92729150843792","101653.7685817502","0.0664425940939786","0.2488168509845282","0.006543762630945","31006.41827692663","0.1052463805523874","0.0003098145388855"
"Art Center College Of Design","2","8","Nonselective four-year private not-for-profit","Private","CA","0.3917941698657776","140836.1464030771","0.1490885573929098","0.4066141300662395","0.019046100407743","53629.40664619593","0.3673114673907378","0.0442239651024526"
"Azusa Pacific University","2","6","Selective private","Private","CA","0.624864543884578","172835.4880779882","0.049204979770208","0.4740449104909994","0.0311171894778854","47276.71289766873","0.3555569117284532","0.0124628156768673"
"Barstow Community College","1","9","Two-year (public and private not-for-profit)","Private","CA","0.4572121698404124","62711.74122591963","0.1892463186194892","0.1062359378266542","0.0008323277402643","34251.5747472106","0.1927134688072985","0.0028290815391851"
"Biola University","2","6","Selective private","Private","CA","0.6410079325842337","159678.2209501558","0.0693228026167501","0.4275810805934266","0.0317016491022344","44505.2000097352","0.3008320393841882","0.0153387950492039"
"Brooks Institute","3","10","Four-year for-profit","NA","CA","0.3819508519624274","161301.6020753406","0.0657564065309931","0.4294871138521836","0.0505747341658385","35938.51107164806","0.2093219724764207","0.0060951324752202"
"Butte College","1","9","Two-year (public and private not-for-profit)","Private","CA","0.4746185145604141","81294.32462104988","0.1605948394235804","0.1960923978651067","0.0054701430647367","34286.5956112876","0.1996400837007767","0.005544904365166"
"Cabrillo College","1","9","Two-year (public and private not-for-profit)","Private","CA","0.4919340474962002","103351.7814515412","0.141950253282186","0.2746697379672667","0.0112040884667569","33680.19710931152","0.1967035667082254","0.0047565312333041"
"California Baptist University","2","6","Selective private","Private","CA","0.6482877868252832","94525.19923194681","0.0764558643804871","0.2664778589046906","0.0036280494532548","40537.43385108742","0.2914543288564296","0.0086851243715433"
"California College Of The Arts","2","8","Nonselective four-year private not-for-profit","Private","CA","0.5748955225044826","160342.7457884097","0.07775087675822","0.4095091202712669","0.0372904857414752","37838.00830736186","0.2363391076400059","0.010904078536738"
"California Culinary Academy","3","11","Two-year for-profit","NA","CA","0.3078627253507639","110464.0924648268","0.1208130498023993","0.2862506403789457","0.0203602592968805","34039.54724702381","0.1776100371317297","0.0016152625495278"
"California Institute Of Technology","2","2","Other elite schools (public and private)","Private","CA","0.3326561009654632","185591.1348339161","0.0481026868688036","0.5681781260900508","0.0435955930188611","119502.5454955201","0.6676478790127677","0.1407976713646883"
"California Institute Of The Arts","2","8","Nonselective four-year private not-for-profit","Private","CA","0.473207639935224","205473.4940981658","0.0802756942624129","0.4857767880776018","0.0557723582175601","46508.11575450068","0.2527520919462109","0.0320906406725795"
"California Lutheran University","2","6","Selective private","Private","CA","0.580966644552019","169644.5575173611","0.0321323867863023","0.4819717244398262","0.032230726627426","57255.63567708333","0.4398503410409057","0.0195524154134085"
"California Maritime Academy","1","5","Selective public","Public","CA","0.1489309963324796","132454.2233922101","0.0592691159584148","0.5059892769292506","0.0074594053456668","89270.2313745471","0.7196350153045243","0.0432115762114204"
"California Polytechnic State University","1","5","Selective public","Public","CA","0.464717734235684","169835.7176028801","0.0419738553884695","0.5760278994720427","0.0312039697093197","76443.30961596733","0.5883985700766106","0.0502755100205685"
"""California State Polytechnic University, Pomona""","1","5","Selective public","Public","CA","0.4200623683199273","98379.03404831271","0.1492971938535397","0.3285019700920687","0.0072355649774544","58449.62114357159","0.4946823022975913","0.0127491064192596"
"California State University - Sacramento","1","5","Selective public","Public","CA","0.5871148427217167","107518.9903721526","0.1045287385997963","0.3588644398439974","0.0093292203034712","51314.20330742774","0.396999883984859","0.0079417304335794"
"California State University Channel Islands","1","7","Nonselective four-year public","Public","CA","0.6701724062476105","141960.9634924778","0.0506875383152858","0.4482552196289754","0.0219673896581918","45810.76147013659","0.3251172973265523","0.0074614322649397"
"""California State University, Bakersfield""","1","5","Selective public","Public","CA","0.6436654867499115","84211.55416442722","0.140649973232163","0.2676813529005641","0.003696710936478","47321.12535991247","0.3868507266953396","0.0080757740712634"
"""California State University, Chico""","1","5","Selective public","Public","CA","0.5719630339700824","150534.7387635201","0.0608565722433152","0.5066068088102947","0.0219213945035716","56332.84071623285","0.4274652561164695","0.0221312484458042"
"""California State University, Dominguez Hills""","1","5","Selective public","Public","CA","0.6972846368567103","57771.22736740676","0.2631824180433227","0.1162447348926947","0.0007313088036578","42627.00178579671","0.2875174494216578","0.004540041806223"
"""California State University, East Bay""","1","5","Selective public","Public","CA","0.6600576561318631","104528.779388457","0.098883431718763","0.3560276993727997","0.0052334914627289","55258.10369318182","0.4471951423993537","0.0129262235870884"
"""California State University, Fresno""","1","5","Selective public","Public","CA","0.6031941389217058","93996.48604629956","0.159512303007507","0.2847684754789264","0.0085306448032032","50156.25069807807","0.3586427565295162","0.013146488502182"
"""California State University, Fullerton""","1","5","Selective public","Public","CA","0.6165321143582041","103739.6362152485","0.1211624786325787","0.3478840749349636","0.0085602049694633","52188.20571161542","0.4032250826236902","0.0115332366003785"
"""California State University, Long Beach""","1","5","Selective public","Public","CA","0.640233922130972","116773.1328461471","0.1160601261028355","0.363470376156236","0.0118457603894591","53931.90846207149","0.4143546404836057","0.0119364929218744"
"""California State University, Los Angeles""","1","5","Selective public","Public","CA","0.6242225450221749","52114.62349003956","0.3311692354187684","0.0980595105969109","0.0015598091022968","44225.55413230255","0.3268050199852896","0.0022683070221464"
"""California State University, Monterey Bay""","1","5","Selective public","Public","CA","0.5885482647202232","123045.0469718492","0.1049792596252753","0.3977001712763952","0.013763507020906","44659.59198250259","0.3106781112054169","0.0084030054983908"
"""California State University, Northridge""","1","5","Selective public","Public","CA","0.5867942458453789","84829.51676815747","0.1979410328726884","0.2400956632416523","0.00670668277641","49244.3334100243","0.3636087597575314","0.0111117295174765"
"""California State University, San Bernardino""","1","5","Selective public","Public","CA","0.6462185079558024","82251.9872987518","0.1409772215325518","0.2411796614872488","0.0038544467024306","45793.71724629161","0.3461358107871562","0.0073532645006442"
"""California State University, San Marcos""","1","5","Selective public","Public","CA","0.6139811957523587","128226.3447669037","0.0900111697847329","0.3912056191776374","0.0221049996181475","50603.34853005652","0.3617368547912118","0.0138892937045085"
"""California State University, Stanislaus""","1","5","Selective public","Public","CA","0.6670931862031906","83972.02921158099","0.1335046681600333","0.2451222241740227","0.0032910338742993","44836.22889674889","0.3377543698202288","0.003823274902777"
"Carrington College California","3","11","Two-year for-profit","NA","CA","0.8988514777571207","59022.17385918939","0.2445260406401131","0.1023658498658573","0.0035564657316039","26076.92089461125","0.090005607726037","0.0003652648386409"
"Center For Employment Training","2","12","Less than two-year schools of any type","NA","CA","0.5713708009916841","39084.00937003062","0.4277395961654332","0.0270813554958549","0.0008167914286848","21629.48800394589","0.0662821323885133","0.0012258564757086"
"Cerritos Community College","1","9","Two-year (public and private not-for-profit)","Private","CA","0.5313186096907848","56123.49817967453","0.2339129243793802","0.0903190144211947","0","32951.94417560635","0.1750185667907155","0.002535583930783"
"Chabot-Las Positas Community College District","1","9","Two-year (public and private not-for-profit)","Private","CA","0.4991784939906079","101121.4640307908","0.0929192116130417","0.3222605518770457","0.0063930102645506","40258.29423602606","0.2608883198433998","0.0051021476458281"
"Chaffey Community College","1","9","Two-year (public and private not-for-profit)","Private","CA","0.5375689603990878","76332.50965412405","0.1469355363771114","0.1978661656161345","0.0025819232000603","31579.25653349117","0.1848343300918683","0.0018673313388817"
"Chapman University","2","4","Highly selective private","Private","CA","0.5709293217471847","233063.9001865672","0.0533956041432804","0.4970823510941119","0.0528092157793777","55754.45066550926","0.4287697668236628","0.0235001573939096"
"Citrus Community College","1","9","Two-year (public and private not-for-profit)","Private","CA","0.5298712557757754","77666.00097720372","0.1406103137729513","0.2089201896167531","0.0040365301713684","33443.44549267995","0.1929502933780686","0.0041728199217303"
"Claremont Mckenna College","2","2","Other elite schools (public and private)","Private","CA","0.467612247718008","335092.9724310777","0.0433381070784217","0.628507763440991","0.1338320018952353","98125.42079808898","0.6326994505455348","0.1210631033820555"
"Coast Community College District","1","9","Two-year (public and private not-for-profit)","Private","CA","0.4801156951919463","101057.1972910093","0.1620393391291605","0.2869698243172649","0.010915637695119","36782.17605657179","0.2323348619579664","0.0061635428282334"
"College Of Marin","1","9","Two-year (public and private not-for-profit)","Private","CA","0.4477522012634538","118352.0521469986","0.1166110319665979","0.3578340520799907","0.0168935120574398","36083.41067314175","0.2104942513572461","0.0094538401616446"
"College Of The Canyons","1","9","Two-year (public and private not-for-profit)","Private","CA","0.4736276882017165","103185.4908580093","0.093080961563076","0.3528233671519636","0.0077206161919127","40109.35613349536","0.2651351642067857","0.0081528102165792"
"College Of The Desert","1","9","Two-year (public and private not-for-profit)","Private","CA","0.5033282782316445","59464.92464661432","0.2468433179886991","0.1202239018686108","0.0035401580104331","31873.89078743716","0.1648877016934542","0.001125143423008"
"College Of The Redwoods","1","9","Two-year (public and private not-for-profit)","Private","CA","0.5027516978228921","71567.55342292189","0.1876748968455577","0.1512639275941636","0.0032084014646665","26270.29559513443","0.1205160795151057","0.0007887510040915"
"College Of The Sequoias","1","9","Two-year (public and private not-for-profit)","Private","CA","0.5039304536459444","66608.21152779089","0.2175576738835964","0.1358689942342602","0.0028634940973211","32212.81047161291","0.1860006633107919","0.0025824543654531"
"College Of The Siskiyous","1","9","Two-year (public and private not-for-profit)","Private","CA","0.4010913870472839","85761.71080163044","0.1895545225531954","0.1454936649780794","0.0038372963356475","33321.62227317331","0.1999860300417714","0.0026749926689179"
"""Concordia University of Irvine, CA""","2","6","Selective private","Private","CA","0.6620789335339421","131138.3081208541","0.0540939841268815","0.3896631901771138","0.0217363679098895","44780.79943382048","0.3300322851861725","0.0127150041211503"
"Contra Costa Community College District","1","9","Two-year (public and private not-for-profit)","Private","CA","0.4893596487788934","108743.3619157828","0.0967917555688339","0.3409220630054503","0.0078492652448763","38786.84561605972","0.2543102281303816","0.0068426024490706"
"Copper Mountain College","1","9","Two-year (public and private not-for-profit)","Private","CA","0.4785214915043152","67192.23507443351","0.2226648939857623","0.1087389347755436","0.0027258706044078","31708.20901895941","0.2013618166274932","0.0005752511949776"
"Crimson Technical College","3","11","Two-year for-profit","NA","CA","0.108906543192525","47183.26101615608","0.2503355391274975","0.0903652330495736","0.0055235308121899","41296.77342876963","0.3829286211024423","0.0045169524938554"
"Cuesta College","1","9","Two-year (public and private not-for-profit)","Private","CA","0.4772751860632109","107517.488904146","0.1063613123672022","0.3109987464986167","0.0134688535235587","38964.53006165286","0.2527580554926663","0.0083682051110224"
"Dominican University Of California","2","6","Selective private","Private","CA","0.7372756377634545","163987.1139288617","0.0607119092192488","0.4101674700207632","0.0257606661523767","55005.75202519778","0.3977161175277483","0.0238397327984936"
"El Camino College","1","9","Two-year (public and private not-for-profit)","Private","CA","0.5045638128174773","70792.21628137954","0.2197596912077958","0.1735586773985074","0.0034022903817143","33298.01473075484","0.1891945344516802","0.0033882008750364"
"Fashion Institute Of Design & Merchandising","3","10","Four-year for-profit","NA","CA","0.892617263374475","130106.3759234352","0.1118489812096803","0.3147576140112404","0.0221840940691977","35981.48930964657","0.2214948876313584","0.0050088711803162"
"Feather River College","1","9","Two-year (public and private not-for-profit)","Private","CA","0.4737703847929531","81433.79261231377","0.1768251214515587","0.1890772764692492","0.0085359964436492","28948.29651492668","0.1652728440422147","0.0035344623758365"
"Foothill-Deanza Community College District","1","9","Two-year (public and private not-for-profit)","Private","CA","0.4661425118857752","120318.385189057","0.1296421315494619","0.3412456352462185","0.0165735526239151","42251.74621319624","0.2802463420248599","0.0129716416752579"
"Fresno Pacific University","2","6","Selective private","Private","CA","0.6889783636443976","83954.31638416024","0.1007225275136226","0.1968955741741281","0.0038235999024279","43699.91889142105","0.3029393977283335","0.0058408197273654"
"Gavilan College","1","9","Two-year (public and private not-for-profit)","Private","CA","0.5223186650943108","96273.36366170018","0.1151008811477738","0.3124821255254964","0.0059015812123688","35232.76896499858","0.2073244150468449","0.0051179206960154"
"Glendale Career College","3","12","Less than two-year schools of any type","NA","CA","0.7509337334438812","53849.61800508721","0.3832779471078498","0.0628700696634303","0.0016438183012879","24112.40303264293","0.1062028643430657","0.000467356261093"
"Glendale Community College","1","9","Two-year (public and private not-for-profit)","Private","CA","0.5000955736214034","60158.27255041608","0.3235921165297047","0.1355971865661668","0.0031149169557921","37418.35056668262","0.2332913866881171","0.0060916688207095"
"Grossmont-Cuyamaca Community College District","1","9","Two-year (public and private not-for-profit)","Private","CA","0.5096329599288827","95826.83270956732","0.1139704175774773","0.2639236188537222","0.0071716346222034","37289.85192818188","0.2382747907485986","0.0046874441754584"
"Hartnell Community College","1","9","Two-year (public and private not-for-profit)","Private","CA","0.4942937057620535","65456.23266906738","0.197841441413832","0.1416829203184903","0.0015246616858349","34724.02799479166","0.1924922359114094","0.0037501817819853"
"Harvey Mudd College","2","2","Other elite schools (public and private)","Private","CA","0.3317563673102759","207971.9583333334","0.0393175331835419","0.6122841896973887","0.0538907095759622","109616.2766450712","0.6796087739036878","0.111066598140415"
"Heald College","3","11","Two-year for-profit","NA","CA","0.4946527607774768","64024.20347353294","0.1968642596512955","0.1281685610351389","0.0014193368266901","35981.13637826013","0.2066533473615736","0.0021933708468794"
"Humboldt State University","1","5","Selective public","Public","CA","0.5798186084533709","126254.519948388","0.0882560425830792","0.4110088765717888","0.0151939472866274","38719.98498126414","0.2623293272212259","0.0056032472321546"
"Imperial Valley College","1","9","Two-year (public and private not-for-profit)","Private","CA","0.5430294296819552","48809.86005274981","0.3588432809830818","0.0727442879054779","0.0013814997603597","31419.64231422892","0.1823112135379117","0.0008413182597262"
"International Career Development Center","3","11","Two-year for-profit","NA","CA","0.775912364343776","36129.47426399028","0.4606968377019564","0.0275535173360139","0.0005052210365577","18241.47702884114","0.0311585609130795","0.0032176218079475"
"Irvine Valley College","1","9","Two-year (public and private not-for-profit)","Private","CA","0.4788762010406045","120056.0568860294","0.1197266754812148","0.3391005231627363","0.0141191228183315","36744.72465808824","0.2474628110808648","0.0061313539065398"
"Kern & North Orange County Community College Districts","1","9","Two-year (public and private not-for-profit)","Private","CA","0.5139554148269455","77913.8857227468","0.1782108042760015","0.2076494776376663","0.0022144954954694","35529.03559573927","0.2180757757983019","0.0037264917943324"
"La Sierra University","2","6","Selective private","Private","CA","0.5748374988393086","114744.1669207317","0.1118693062744242","0.3200203881064531","0.0154682841151953","52419.90745045732","0.3673598423389134","0.0248173576060763"
"Lake Tahoe Community College","1","9","Two-year (public and private not-for-profit)","Private","CA","0.4894331170213199","86911.49272260274","0.1419330575486315","0.2288626700611705","0.0101436264011025","29165.23548916035","0.1319786510057324","0.0035943642644106"
"Las Positas College","1","9","Two-year (public and private not-for-profit)","Private","CA","0.4851404220637084","138317.9216983418","0.048723688557536","0.478709079759551","0.0195416219212798","43559.75697280064","0.2945736421812225","0.0097054755618073"
"Lassen College","1","9","Two-year (public and private not-for-profit)","Private","CA","0.4326866843384695","75203.63295519406","0.1682085225500418","0.1444232015051237","0.0017877371416142","29902.41728203481","0.1798934931289721","0.0020319816440657"
"""Le Cordon Bleu College Of Culinary Arts of Pasadena, CA""","3","11","Two-year for-profit","NA","CA","0.3806073365332205","98614.81077927216","0.1736722566900615","0.2128722645870477","0.0203626047484606","31692.84782931171","0.1784756634726568","0.0026270522871482"
"Long Beach City College","1","9","Two-year (public and private not-for-profit)","Private","CA","0.5199312652770226","64488.08888931161","0.241666677092338","0.1538091408278097","0.0022785990839012","33103.55943694752","0.1893254449991902","0.0024601804330633"
"Los Angeles Community College District","1","9","Two-year (public and private not-for-profit)","Private","CA","0.5303064723234402","62361.81124457981","0.2832242281276967","0.1200683244663713","0.0038187556429955","33390.78676740995","0.175532335895838","0.0029831310317267"
"Los Rios Community College District","1","9","Two-year (public and private not-for-profit)","Private","CA","0.5227382649797587","85024.17192377271","0.1317929806456197","0.2356848188479179","0.0037581241848587","35325.04731750142","0.2070054940367155","0.0030137500518243"
"Loyola Marymount University","2","6","Selective private","Private","CA","0.5869562388483308","314268.5526164698","0.0535991269448127","0.579178242752131","0.086172070376223","66238.50992069594","0.5040469424046054","0.0451716600135143"
"MTI College","3","11","Two-year for-profit","NA","CA","0.6161883107808402","56079.00998544186","0.1645771088927392","0.0913622298563917","0.0041159945276754","31827.19797319738","0.1059614139239999","0.0014337322820618"
"""Marinello School Of Beauty, Xenon International Academy, International School Of Skin And Nailcare And Hair Professionals Academy""","3","12","Less than two-year schools of any type","NA","CA","0.9451799464938068","71783.10046372957","0.2539559380459566","0.1115350084764072","0.0043529686285052","15921.03342937482","0.0278364906774639","0.0000364914155671"
"Marymount California University","2","8","Nonselective four-year private not-for-profit","Private","CA","0.4667370001559267","298825.9512532233","0.1116869244743623","0.4722919680177845","0.1442553069688843","34001.2407544421","0.1959286004493495","0.003259390116897"
"Master's College & Seminary ","2","6","Selective private","Private","CA","0.5540117319214176","142117.1265844384","0.0470926360938701","0.3588547400513371","0.0286783816470138","46047.74650814157","0.3164517490456812","0.0254070805700017"
"Mendocino College","1","9","Two-year (public and private not-for-profit)","Private","CA","0.4899742522922294","78956.25671572442","0.2097360020855331","0.1182451702881934","0.0044763597247885","27068.71580950683","0.1124437264846359","0.0034571921994313"
"Merced Community College","1","9","Two-year (public and private not-for-profit)","Private","CA","0.5330821827685316","59779.38904228873","0.2399972300505636","0.1076538908509861","0.001963688129198","30197.23811189169","0.151341542302818","0.0025662768684456"
"""Milan Institute of Palm Desert, CA""","3","12","Less than two-year schools of any type","NA","CA","0.9188382433442981","47744.54783188603","0.2697023383518977","0.0674410592851204","0.0022387417040023","15524.98856229851","0.0322084199143043","0.0003610094812331"
"Mills College","2","6","Selective private","Private","CA","1","167050.5976449275","0.1061712203534703","0.3372219202798663","0.0346544977115548","47127.57476222826","0.3128463584378554","0.0178701844710725"
"Miracosta College","1","9","Two-year (public and private not-for-profit)","Private","CA","0.5258669703917683","108409.5196049528","0.1338256815418371","0.2673578462497925","0.0136494851003419","34171.06007701946","0.1801508558482303","0.0060175553918991"
"Monterey Peninsula College","1","9","Two-year (public and private not-for-profit)","Private","CA","0.5041382034280414","95532.72385137863","0.1424602920970984","0.2236222754552273","0.0092151106808405","34167.75012437991","0.2044681663461012","0.0065020013859685"
"Mount San Antonio College","1","9","Two-year (public and private not-for-profit)","Private","CA","0.4893516241544818","76053.56087714592","0.1669712186074485","0.2036785787780125","0.0025062150111054","36643.54247893196","0.2202029727995598","0.0048473161480728"
"Mount St. Mary's College","2","6","Selective private","Private","CA","0.988082181656736","67906.38965282984","0.212396942695358","0.1587709012737795","0.0046410158135533","48089.91409178224","0.3716616109918082","0.0061537322131532"
"Mt. San Jacinto College","1","9","Two-year (public and private not-for-profit)","Private","CA","0.5363035068245224","81050.92463203556","0.1271202651741857","0.2122759333706855","0.0029425388196711","31223.54659039408","0.1819449749289598","0.0026960150333193"
"Musicians Institute","3","10","Four-year for-profit","NA","CA","0.1887864792013786","116335.87957967","0.13646385791545","0.3022888247869978","0.0195995380129715","25945.04778912966","0.1352598499798771","0.0037463717220615"
"Napa Valley College","1","9","Two-year (public and private not-for-profit)","Private","CA","0.5548973639426313","86412.95091908105","0.0994176704306081","0.2362949801264243","0.0033877576707463","37194.80157618976","0.2259189328454254","0.0040073551918287"
"Occidental College","2","2","Other elite schools (public and private)","Private","CA","0.5831776229958785","254125.550095943","0.0853362252074274","0.5202868079343148","0.0866515971850931","58066.14856085526","0.4279796300659793","0.0399946437956443"
"Ohlone College","1","9","Two-year (public and private not-for-profit)","Private","CA","0.4918662954363304","107335.2980943203","0.0712238014862554","0.370187350336749","0.0067943279271567","44142.780249469","0.3113487100405395","0.0103212345603642"
"Otis College Of Art & Design","2","8","Nonselective four-year private not-for-profit","Private","CA","0.7278792171447682","191723.4730691425","0.1067474650317463","0.3418672878776707","0.0452084659899995","55442.95348031126","0.363594516928629","0.0214374737910748"
"Pacific Union College","2","6","Selective private","Private","CA","0.528343386868705","175658.9385613187","0.0615172220232207","0.4223839052209793","0.0188890281823452","57674.84325172578","0.446700225629259","0.0247578241845342"
"Palomar College","1","9","Two-year (public and private not-for-profit)","Private","CA","0.4548101153369076","94223.16822081286","0.117576471488784","0.2625619598005952","0.0076196630173303","37108.57361394401","0.2325077583733425","0.0046861430551939"
"Pasadena City College","1","9","Two-year (public and private not-for-profit)","Private","CA","0.4969616974963811","68739.4625550419","0.2793771559489261","0.1392335984427935","0.005147734575472","34430.09623903866","0.2010736812573999","0.0047283403375678"
"""Paul Mitchell The School of Costa Mesa, CA""","3","12","Less than two-year schools of any type","NA","CA","0.8900413603337627","131895.1188490072","0.0827800801744164","0.3380228403928672","0.032931054314301","17539.01951594165","0.0689224256863024","0.002636126228402"
"Pepperdine University","2","4","Highly selective private","Private","CA","0.5969522524912966","371031.0396113876","0.0431508185079327","0.5556892476491452","0.1178357197272764","74970.85491757539","0.4922500775765478","0.052035835409599"
"Pitzer College","2","4","Highly selective private","Private","CA","0.6292772334482935","434121.4143880208","0.0624171627962359","0.5899244648338567","0.1364345068318976","51976.01988389757","0.3490678227107096","0.0234601696880045"
"""Platt College of Alhambra, CA""","3","10","Four-year for-profit","NA","CA","0.3746924792045734","61987.96098975753","0.2596440952007602","0.079785329065931","0.006067300819633","28357.83860916597","0.1501786375466216","0.0005135585469601"
"Point Loma Nazarene University","2","6","Selective private","Private","CA","0.5977675947240024","168316.8486918605","0.0330314938676177","0.4980203942174189","0.0397168611915801","51744.29554869186","0.3920580346638342","0.0236980156389453"
"Pomona College","2","2","Other elite schools (public and private)","Private","CA","0.4960875009801845","324439.5015794224","0.0368104872714839","0.6812058885702657","0.1239780791050045","90406.20436597473","0.5563488388331068","0.1056321928542541"
"Rancho Santiago Community College District","1","9","Two-year (public and private not-for-profit)","Private","CA","0.4686312822999321","86310.7622339986","0.1597263907775699","0.2281743819093219","0.0080312984759157","41066.00839832275","0.2302626041870756","0.0052078926035596"
"Rio Hondo Community College","1","9","Two-year (public and private not-for-profit)","Private","CA","0.4714074112455633","57731.04764934075","0.2268942109379942","0.1015656403803435","0.0011222608579411","35389.45940398511","0.1986066537979854","0.0033099970257588"
"Riverside Community College District","1","9","Two-year (public and private not-for-profit)","Private","CA","0.5215334033411364","80882.55802186558","0.124952813314694","0.2166258784071083","0.0024339117778273","33397.39899894981","0.2004074487717561","0.001780618150796"
"Saddleback College","1","9","Two-year (public and private not-for-profit)","Private","CA","0.4639832426621168","138658.739265473","0.0702340607925363","0.4414478652518025","0.018010598045704","37931.57487449011","0.2377233823598724","0.0091977161453134"
"Saint Mary's College Of California","2","6","Selective private","Private","CA","0.5951333189399449","191245.6763398594","0.0672936305862544","0.4875042165562138","0.0593447144292937","65125.44909473821","0.5010219655402759","0.0339945491027278"
"San Bernardino Community College District","1","9","Two-year (public and private not-for-profit)","Private","CA","0.5181548560509273","69714.46351372173","0.2209252595137076","0.1462839406904548","0.0025045856909898","31807.68551033887","0.1862020611492795","0.0021425874749971"
"San Diego Community College District","1","9","Two-year (public and private not-for-profit)","Private","CA","0.4926888797103852","89368.3024725578","0.1746949598493452","0.2256600086686205","0.0095233764347445","36581.09854297941","0.2173350896473324","0.0060752216097623"
"San Diego State University","1","5","Selective public","Public","CA","0.5873469846479114","139292.3703820784","0.0897858077212879","0.4401817137045174","0.0186473467339765","57036.05158294986","0.4490420212680177","0.0231026031736271"
"San Francisco Community College District","1","9","Two-year (public and private not-for-profit)","Private","CA","0.4852545504289447","72116.39306193811","0.1839870219916923","0.1624684669255394","0.0039010939096649","39077.68185227364","0.2353257459258041","0.0062609343568222"
"San Francisco State University","1","5","Selective public","Public","CA","0.6167819720433823","119248.8324889917","0.1007141053679662","0.3587392216254408","0.0128679425618996","50721.37696014558","0.3785113548038223","0.0118319169157463"
"San Joaquin Delta College","1","9","Two-year (public and private not-for-profit)","Private","CA","0.5196697754079505","78048.92616634077","0.159968757421848","0.2015293692891762","0.0030438470694186","35298.14719806118","0.2072006451630975","0.0028194806630967"
"San Joaquin Valley College","3","11","Two-year for-profit","NA","CA","0.7504147293086743","47284.3910251885","0.3478911818398271","0.0432289830474663","0.0005052210365577","25566.68046375515","0.1049049578716067","0.0010551251755241"
"San Jose State University","1","5","Selective public","Public","CA","0.5078463375941659","115874.4906851421","0.1165861113593621","0.3870714021763151","0.0096155322685027","64343.15491112341","0.5094416802228341","0.0209564743247556"
"San Jose-Evergreen Community College District","1","9","Two-year (public and private not-for-profit)","Private","CA","0.5101990374979648","82338.57424583445","0.1551842283286001","0.2423370090171348","0.0030572690669019","37561.01985056541","0.227063218478788","0.003908602986965"
"San Mateo County Community College District","1","9","Two-year (public and private not-for-profit)","Private","CA","0.4766048680315562","95244.31779107943","0.1054372383621028","0.2890144811041435","0.0062606144606385","44528.05577154068","0.3107757000772095","0.0080007547698124"
"Santa Barbara Business College","3","10","Four-year for-profit","NA","CA","0.8116468722616249","54232.58411820304","0.3050165558148769","0.0609046949469746","0.0018748514604062","23865.80059124432","0.0864316623102248","0.0007835780639695"
"Santa Barbara City College","1","9","Two-year (public and private not-for-profit)","Private","CA","0.4454616090499274","149972.6476321611","0.0965307513023903","0.3693212276469542","0.033004011041958","42977.7478106185","0.249730125073295","0.0113837547039206"
"Santa Clara University","2","4","Highly selective private","Private","CA","0.5517274879694547","327182.7914701919","0.0362177116041307","0.6507916677964329","0.1084448084029416","91531.37010567531","0.6307778557283799","0.0931418802729237"
"Santa Monica College","1","9","Two-year (public and private not-for-profit)","Private","CA","0.4930408832313833","114345.2306969905","0.2269075739778627","0.212149045274923","0.0194647336365788","37890.72393593028","0.2184459497705654","0.0099626653940378"
"Santa Rosa Junior College","1","9","Two-year (public and private not-for-profit)","Private","CA","0.4905513979574143","97198.35911756805","0.0903239030990552","0.2861058039931738","0.0058880745244411","37894.20293777676","0.2367848019881918","0.0044067501718948"
"Scripps College","2","2","Other elite schools (public and private)","Private","CA","1","254753.8225788288","0.0512440631258975","0.5645866077084139","0.0824301453324052","54995.78643721848","0.3999500812802566","0.0350848681021432"
"Sierra College","1","9","Two-year (public and private not-for-profit)","Private","CA","0.488026567274966","101030.3040743884","0.0782191181495362","0.3195134183877164","0.0074635081484852","36985.47884017227","0.235092970960777","0.0043411782623031"
"Simpson University","2","6","Selective private","Private","CA","0.6300565363558033","89041.90644734784","0.064028375288465","0.2293250460765558","0.011236421383521","35757.83329032832","0.1956851637901367","0.0093245045939479"
"Solano Community College","1","9","Two-year (public and private not-for-profit)","Private","CA","0.5122089079261218","87508.3391516877","0.0793035876650665","0.2774107425012382","0.0011055383458248","38895.37011783068","0.2525000180970338","0.0031171181966853"
"Sonoma State University","1","5","Selective public","Public","CA","0.6588581020762891","147106.3358829875","0.0501663968170531","0.5172488269193487","0.0211334331511762","50419.0773144854","0.3740645456351398","0.0103053625035559"
"Southwestern Community College District","1","9","Two-year (public and private not-for-profit)","Private","CA","0.4985109361933831","66043.24526579442","0.2021016314438895","0.1320378653249663","0.0017366412640407","32970.82164600943","0.1588027530127322","0.0033664616706128"
"Stanford University","2","1","Ivy Plus","Private","CA","0.5074366186314505","472210.529161629","0.0357952045765329","0.6899555751174831","0.1447945323900276","174059.0453018521","0.6727315541772482","0.2091416511192277"
"State Center Community College District","1","9","Two-year (public and private not-for-profit)","Private","CA","0.5029514715036989","62990.5543990734","0.2474594060649961","0.1289031298587547","0.0022781309776008","30411.31555850796","0.1560939367927823","0.0025721159089736"
"Summit College","3","12","Less than two-year schools of any type","NA","CA","0.8363207748243019","54286.06211844044","0.3292276318649106","0.0758433380616624","0.0013881429267224","25353.24785037996","0.1050127223317716","0.00071498892284"
"Taft College","1","9","Two-year (public and private not-for-profit)","Private","CA","0.5320020367364465","71812.95834647905","0.1631760460919639","0.1687868201773866","0.0009790851327395","37623.60947467138","0.2384884031232072","0.005027779130833"
"United Education Institute","3","11","Two-year for-profit","NA","CA","0.7405865542025696","35004.68340709943","0.423698156698004","0.0213965695639979","0.0002125859288206","22615.28371948766","0.0632018916966881","0.0006850018646908"
"""Universal Technical Institute of Rancho Cucamonga, CA""","3","11","Two-year for-profit","NA","CA","0.0194122445283669","75764.72929532858","0.137849888244639","0.1667074833713781","0.0024697700677431","43138.19657561362","0.3162618625456152","0.0032881821748421"
"""University Of California, Berkeley""","1","3","Highly selective public","Public","CA","0.5335428888973227","194452.1916312261","0.0884233747708399","0.5134979498855299","0.0471170948093166","93578.78176527697","0.5987550854408098","0.1011310871265566"
"""University Of California, Davis""","1","5","Selective public","Public","CA","0.5806024006039928","158390.0812518247","0.085837569555292","0.487828881162809","0.0266864104500966","72099.31765750125","0.5580714371539948","0.0436265703645851"
"""University Of California, Irvine""","1","3","Highly selective public","Public","CA","0.5298057449423714","121501.6514138434","0.1224690512953658","0.4043969827504003","0.0159645050547448","68174.46898358034","0.54315451663875","0.0359423595302786"
"""University Of California, Los Angeles""","1","2","Other elite schools (public and private)","Private","CA","0.5601707337616431","171784.8011041579","0.102426885395423","0.4775324270325769","0.0368243884093248","82856.58800532055","0.5899274535989911","0.0816029543049871"
"""University Of California, Riverside""","1","5","Selective public","Public","CA","0.5510221353861907","102472.0093611219","0.1466872312901389","0.3177497848731238","0.0085811093422019","59668.70068586546","0.4668682582064812","0.0274281664246287"
"""University Of California, San Diego""","1","3","Highly selective public","Public","CA","0.5397530535374073","176468.6574369512","0.0877723580039078","0.5005042003365335","0.0335675651133015","79191.14698970672","0.5845163382183711","0.0634073026368746"
"""University Of California, Santa Barbara""","1","3","Highly selective public","Public","CA","0.5631059735607449","192472.4304264081","0.0621150315263042","0.5506936032732764","0.0381284369861702","71105.52184797966","0.5325664623532336","0.0475133376000738"
"""University Of California, Santa Cruz""","1","5","Selective public","Public","CA","0.5667661650918981","182158.5701801601","0.0737469868075069","0.5217307180409969","0.0265090777404156","53540.2445290258","0.3945358734781539","0.0216186287899106"
"University Of La Verne","2","6","Selective private","Private","CA","0.6329686911863701","98916.00026467582","0.1208408560443477","0.2782415931240825","0.0102737369320451","56189.73180125584","0.4291345885816175","0.019920804638996"
"University Of Redlands","2","6","Selective private","Private","CA","0.5775193345526721","209235.6738805579","0.0530984824229953","0.4667962954017674","0.0499695500127671","55441.39038577496","0.4136857206520649","0.0227770230656448"
"University Of San Diego","2","4","Highly selective private","Private","CA","0.6252399287512055","315023.0151421953","0.0492551767499251","0.5879400952537459","0.1227379724734863","72549.48045650306","0.5162360044295149","0.0531518382262757"
"University Of San Francisco","2","6","Selective private","Private","CA","0.6639557670865366","242149.4808101979","0.0586394265820992","0.4791858717959519","0.0618427546921177","69600.16216843046","0.509349233218372","0.0353497095432667"
"University Of Southern California","2","2","Other elite schools (public and private)","Private","CA","0.5086115414488651","285910.4065639332","0.0720924430033912","0.5332344506033759","0.1002138953564026","92409.22638847181","0.5623087626258525","0.0783050343375263"
"University Of The Pacific","2","6","Selective private","Private","CA","0.6015401030641855","202079.9263356719","0.0855273891077073","0.4325988081166738","0.0396417047581155","68705.45715140988","0.5372663228399023","0.0332434089085882"
"Vanguard University Of Southern California","2","6","Selective private","Private","CA","0.6237972469667126","119919.5007693308","0.0618307987062176","0.3164781098318822","0.0187172480405472","41389.99464177358","0.2628760480454455","0.013726747278865"
"Ventura County Community College District","1","9","Two-year (public and private not-for-profit)","Private","CA","0.4957547868600539","95888.39963060402","0.1310368583845276","0.2880863917411181","0.0076801351584735","36632.46611118304","0.2208793154416534","0.0058585937267314"
"Victor Valley Community College","1","9","Two-year (public and private not-for-profit)","Private","CA","0.5204215666830424","67682.33843840667","0.1772058268931902","0.1456980622813717","0.0012299064107451","32231.85403507314","0.1988005408075109","0.0039755469149467"
"West Hills Community College District","1","9","Two-year (public and private not-for-profit)","Private","CA","0.5431807836525562","60311.66402122852","0.2253512387366173","0.0985697815379921","0.0019806173044789","31395.34188888328","0.1675210153560505","0.0021507450600517"
"West Valley-Mission Community College District","1","9","Two-year (public and private not-for-profit)","Private","CA","0.4784203816707567","127606.0561828743","0.0861019673703819","0.3758535070474769","0.0146908180472041","42638.32223322523","0.2914302009166298","0.0103661246731315"
"Westmont College","2","4","Highly selective private","Private","CA","0.62361218525021","293421.6731231765","0.037199787933173","0.5992566426535506","0.0933779654138977","57369.46232480841","0.3824798274169078","0.0378469151911193"
"Westwood College - Los Angeles","3","10","Four-year for-profit","NA","CA","0.3929701485083066","48385.38267342467","0.2694493394654504","0.0518617111809669","0.0014308349728098","30488.57819703511","0.1389628864883339","0.0019887498031302"
"Westwood College - South Bay","3","10","Four-year for-profit","NA","CA","0.3711052261144525","49891.94393395967","0.3041840927803664","0.0818459177301857","0.0007091286395827","29111.49305388339","0.124728504125878","0.0010616717932843"
"Whittier College","2","6","Selective private","Private","CA","0.564278916296256","198170.0397576361","0.0788980085094126","0.4270883223704987","0.0546617424276325","51710.16999709496","0.3862279760699393","0.0207806786632235"
"Woodbury University","2","6","Selective private","Private","CA","0.611058154951255","106416.8121847983","0.1869057386098301","0.2133060755573079","0.022754950765574","45386.35045929395","0.3658689469918958","0.0028950082681304"
"Yosemite Community College District","1","9","Two-year (public and private not-for-profit)","Private","CA","0.5098321609396591","75045.32366019741","0.1403910800125576","0.1744804601068089","0.0030296825750117","34299.25386237988","0.2086528233427669","0.0033310887791975"
"Yuba Community College District","1","9","Two-year (public and private not-for-profit)","Private","CA","0.5501028313424112","61468.37070753292","0.2039845048928249","0.1005211087629412","0.0005986025768484","30748.12032551384","0.1629322134105881","0.002270950391175"
